{"HeN7l1HzP7A4HsvRC17Kyg==":"bio.png","5rgxDfDWg6W2nfGghIRkyQ==":"trans.png","KrcIaceokzCG6mBNCJueoA==":"ieee-access.png","TeHuJFzkmQpG3njECZoiQA==":"bio-1.png","NiOCFqtTzC4Uxyx5Y5A5Ew==":"bio-2.png","TCUeHm7M6/Wm8uqaNDV/yA==":"mbr-favicon.png","8ajyC76jt6zuYc1bejToVA==":"20210812-174803.jpg","ccJLZbf7fYqixN6WusjKOA==":"20210812-174805.jpeg","v9G4YpvYrOCRIEx2zs4g0A==":"prince-1.jpg","VDfYw6V35TZZGoTgbDLefw==":"87o1sllh28oqyetjpdnspg3d3drad174-1.jpg","4IpkWlmkS96ho+Zawtmvcg==":"university-of-florida.jpg","4B/jIqljvcd021EVNtMkRg==":"jnuimage.jpg","mOSOyw1yQHLEpBJzAcAvnQ==":"manila.jpg","Ya0Ei6V8eBMWtd91YR+9IQ==":"upage-yonsei-2.png","MYsQmpjVdSuoPo4Esmn95g==":"samsung.jpg","D0eJVOdm98CUuQqX0SPXAQ==":"jeju-national-university-logo-1.jpg","i8QIF1Lg8e2WGI8nxvE8+g==":"logo-eng.png","DFtormVIiIJjA4KQfUJ2Lg==":"frontiers.png","2YZrxUuxsZfzhQVw7Zui9g==":"energies.png","EUfliL7DYWEFtyfMstA8gA==":"bg-1.jpg"}